ticker_name,Date,prediction_clusters,predict_next_open_day,predict_tp_day,RMSE_next_open_day,RMSE_tp_day,exp_profit_pct,diff_with_cluster_centers,O0,H0,L0,C0,O1,H1,L1,C1,O2,H2,L2,C2,next_day_open,tp_day_d+2
PNLF,2019-01-11,13,0.05011955,0.1197501,0.016607466580957117,0.017633047229760484,6.963054700000001,0.0067897666713348645,0.0,0.030075187969924814,-0.007575757575757569,0.0,0.0,0.022556390977443552,-0.007575757575757569,0.007518796992481258,0.007518796992481258,0.03759398496240607,-0.007575757575757569,0.015037593984962516,,
WOOD,2019-01-11,13,0.05011955,0.1197501,0.016607466580957117,0.017633047229760484,6.963054700000001,0.009445643910962196,0.0,0.034782608695652195,-0.017699115044247815,-0.017699115044247815,-0.008771929824561429,0.017391304347825987,-0.017699115044247815,0.0,0.017391304347825987,0.034782608695652195,0.008695652173912993,0.017391304347825987,,
ELSA,2019-01-11,13,0.05011955,0.1197501,0.016607466580957117,0.017633047229760484,6.963054700000001,0.00982673106378384,0.0,0.005555555555555536,-0.016949152542372836,-0.011235955056179804,0.005555555555555536,0.022222222222222143,-0.011235955056179804,0.0,0.0,0.05555555555555558,-0.005586592178770999,0.038888888888888966,,
MAPI,2019-01-11,13,0.05011955,0.1197501,0.016607466580957117,0.017633047229760484,6.963054700000001,0.01031959877378062,0.0,0.04519774011299438,-0.005681818181818121,0.0,0.0,0.02259887005649719,-0.011428571428571344,-0.005681818181818121,0.005649717514124353,0.033898305084745665,-0.005681818181818121,0.028248587570621538,,
CPIN,2019-01-11,13,0.05011955,0.1197501,0.016607466580957117,0.017633047229760484,6.963054700000001,0.010416335213432257,0.0,0.01320132013201314,-0.006644518272425293,0.003300330033003229,0.003300330033003229,0.01650165016501659,0.0,0.01650165016501659,0.01650165016501659,0.05280528052805278,0.01320132013201314,0.05280528052805278,,
MCAS,2019-01-11,13,0.05011955,0.1197501,0.016607466580957117,0.017633047229760484,6.963054700000001,0.010747730635441323,0.0,0.003300330033003229,-0.010000000000000007,-0.006644518272425293,-0.006644518272425293,0.0,-0.010000000000000007,-0.0033112582781458233,0.0,0.04950495049504955,-0.0033112582781458233,0.01650165016501659,,
APLN,2019-01-11,13,0.05011955,0.1197501,0.016607466580957117,0.017633047229760484,6.963054700000001,0.011511546248836825,0.0,0.0185185185185186,-0.006211180124223725,0.0,0.006172839506172867,0.03086419753086412,-0.012499999999999956,-0.012499999999999956,-0.012499999999999956,0.03703703703703698,-0.012499999999999956,0.03086419753086412,,
CLEO,2019-01-11,13,0.05011955,0.1197501,0.016607466580957117,0.017633047229760484,6.963054700000001,0.012665969439650555,0.0,0.007194244604316501,-0.007246376811594234,0.0,0.0,0.007194244604316501,-0.007246376811594234,-0.007246376811594234,0.0,0.05755395683453246,-0.007246376811594234,0.043165467625899234,,
ADMF,2019-01-11,13,0.05011955,0.1197501,0.016607466580957117,0.017633047229760484,6.963054700000001,0.012918181121997229,0.0,0.005730659025787954,0.0,0.005730659025787954,0.005730659025787954,0.008595988538681931,0.002865329512893977,0.005730659025787954,0.008595988538681931,0.06303724928366773,0.008595988538681931,0.04011461318051568,,
VOKS,2019-01-11,13,0.05011955,0.1197501,0.016607466580957117,0.017633047229760484,6.963054700000001,0.01311742491890229,0.0,0.04615384615384621,-0.007751937984496138,-0.007751937984496138,0.0,0.03846153846153855,-0.007751937984496138,0.0,-0.007751937984496138,0.053846153846153884,-0.007751937984496138,0.030769230769230663,,
BNGA,2019-01-11,13,0.05011955,0.1197501,0.016607466580957117,0.017633047229760484,6.963054700000001,0.013634288907936705,0.0,0.013636363636363669,-0.0045662100456620456,-0.0045662100456620456,-0.0045662100456620456,0.013636363636363669,-0.05263157894736836,0.004545454545454629,0.004545454545454629,0.04545454545454541,0.004545454545454629,0.02272727272727271,,
BULL,2019-01-11,13,0.05011955,0.1197501,0.016607466580957117,0.017633047229760484,6.963054700000001,0.01484839387605371,0.0,0.032258064516129004,-0.008130081300812941,0.008064516129032251,0.016129032258064502,0.024193548387096756,-0.024793388429751984,-0.016393442622950838,-0.016393442622950838,0.04838709677419351,-0.016393442622950838,0.016129032258064502,,
MERK,2019-01-11,19,0.16098365,0.2127305,0.020178314510008063,0.021715956682687446,5.1746845,0.015718364006267856,0.0,0.017587939698492372,0.0,0.012562814070351758,0.012562814070351758,0.08040201005025116,0.007537688442211143,0.0653266331658291,0.0678391959798994,0.1507537688442211,0.0678391959798994,0.12562814070351758,,
IIKP,2019-01-11,19,0.16098365,0.2127305,0.020178314510008063,0.021715956682687446,5.1746845,0.02241097035969564,0.0,0.01941747572815533,0.0,0.009708737864077666,0.01941747572815533,0.03883495145631066,0.0,0.029126213592233,0.029126213592233,0.16504854368932032,0.029126213592233,0.15533980582524265,,
INKP,2019-01-11,19,0.16098365,0.2127305,0.020178314510008063,0.021715956682687446,5.1746845,0.024236558127124067,0.0,0.021929824561403462,-0.00219780219780219,0.015350877192982447,0.02631578947368429,0.10307017543859652,0.024122807017543883,0.10307017543859652,0.11403508771929816,0.13815789473684206,0.07894736842105265,0.11622807017543856,,
NFCX,2019-01-11,19,0.16098365,0.2127305,0.020178314510008063,0.021715956682687446,5.1746845,0.0351570203240327,0.0,0.007556675062972306,-0.010178117048346149,0.0,0.0,0.1335012594458438,-0.031168831168831183,0.11335012594458438,0.11838790931989918,0.128463476070529,0.03274559193954652,0.10831234256926958,,
SOCI,2019-01-11,23,-0.012646869,0.0263477,0.021269176197751254,0.02158388372826385,3.899457,0.011765314163628235,0.0,0.012738853503184709,-0.046666666666666634,-0.039735099337748325,-0.03289473684210531,-0.02614379084967311,-0.09027777777777768,-0.07534246575342474,-0.06081081081081075,0.0,-0.06081081081081075,-0.01948051948051943,,
MABA,2019-01-11,23,-0.012646869,0.0263477,0.021269176197751254,0.02158388372826385,3.899457,0.013026401704466497,0.0,0.0,-0.053475935828877,-0.053475935828877,-0.0478723404255319,0.0,-0.07065217391304346,-0.053475935828877,-0.0478723404255319,-0.02604166666666674,-0.07065217391304346,-0.059139784946236514,,
PPRO,2019-01-11,23,-0.012646869,0.0263477,0.021269176197751254,0.02158388372826385,3.899457,0.014386916861174135,0.0,0.0135135135135136,-0.049645390070921946,-0.049645390070921946,-0.049645390070921946,-0.013698630136986356,-0.0724637681159419,-0.020689655172413838,-0.020689655172413838,0.0,-0.042253521126760514,-0.027777777777777683,,
POOL,2019-01-11,23,-0.012646869,0.0263477,0.021269176197751254,0.02158388372826385,3.899457,0.02454282711577952,0.0,0.002049180327868827,-0.07964601769911495,-0.07964601769911495,-0.07726269315673284,-0.033898305084745894,-0.07964601769911495,-0.033898305084745894,-0.033898305084745894,-0.010351966873705987,-0.033898305084745894,-0.010351966873705987,,
PWON,2019-01-11,17,0.015656363,0.047723062000000004,0.018572425706296167,0.018696139162512282,3.2066698,0.005533550116096561,0.0,0.0149253731343284,-0.022900763358778557,-0.015151515151515138,-0.015151515151515138,0.0,-0.022900763358778557,-0.022900763358778557,-0.015151515151515138,0.0149253731343284,-0.022900763358778557,0.0074626865671640905,,
SILO,2019-01-11,17,0.015656363,0.047723062000000004,0.018572425706296167,0.018696139162512282,3.2066698,0.006476389315599491,0.0,0.014285714285714237,-0.020408163265306145,-0.014492753623188246,-0.014492753623188246,0.0028571428571428914,-0.023391812865497075,0.0,0.0,0.014285714285714237,-0.011560693641618602,-0.005747126436781658,,
ESSA,2019-01-11,17,0.015656363,0.047723062000000004,0.018572425706296167,0.018696139162512282,3.2066698,0.00798961430026392,0.0,0.024390243902439046,-0.01863354037267073,-0.01863354037267073,-0.01863354037267073,0.0,-0.02500000000000013,-0.02500000000000013,-0.01863354037267073,0.018292682926829285,-0.02500000000000013,0.0060975609756097615,,
GGRM,2019-01-11,17,0.015656363,0.047723062000000004,0.018572425706296167,0.018696139162512282,3.2066698,0.008753466531698577,0.0,0.0,-0.03011487115802547,-0.0253399258343634,-0.01904176904176902,-0.007285974499089409,-0.029475643810114693,-0.007285974499089409,-0.007285974499089409,0.003918022905364582,-0.01127704967997567,0.003918022905364582,,
BRPT,2019-01-11,17,0.015656363,0.047723062000000004,0.018572425706296167,0.018696139162512282,3.2066698,0.008974469447256748,0.0,0.008368200836819994,-0.048245614035087765,-0.008438818565400963,-0.004201680672268893,-0.004201680672268893,-0.030172413793103425,-0.02136752136752129,-0.02136752136752129,0.004184100418409997,-0.039130434782608685,0.004184100418409997,,
TLKM,2019-01-11,17,0.015656363,0.047723062000000004,0.018572425706296167,0.018696139162512282,3.2066698,0.00998468364854987,0.0,0.002617801047120505,-0.024128686327077764,-0.024128686327077764,-0.015957446808510634,-0.005263157894736858,-0.021390374331550888,-0.005263157894736858,0.0,0.010471204188481577,-0.005263157894736858,0.010471204188481577,,
TOPS,2019-01-11,17,0.015656363,0.047723062000000004,0.018572425706296167,0.018696139162512282,3.2066698,0.012053657205163526,0.0,0.0,-0.012195121951219523,0.0,0.0,0.0,-0.018404907975460016,-0.012195121951219523,-0.012195121951219523,0.04819277108433728,-0.018404907975460016,0.0,,
INTP,2019-01-11,17,0.015656363,0.047723062000000004,0.018572425706296167,0.018696139162512282,3.2066698,0.012518774260034313,0.0,0.007132667617689049,-0.023357664233576655,-0.02037845705967967,-0.004297994269340855,-0.001428571428571557,-0.030882352941176583,-0.02186588921282806,-0.005738880918221057,0.032810271041369576,-0.0071839080459770175,0.02995720399429392,,
SHIP,2019-01-11,17,0.015656363,0.047723062000000004,0.018572425706296167,0.018696139162512282,3.2066698,0.016430453158879584,0.0,0.05232558139534893,0.0,0.005813953488372103,0.005813953488372103,0.005813953488372103,-0.02994011976047917,-0.023809523809523947,-0.023809523809523947,0.023255813953488413,-0.03614457831325302,0.005813953488372103,,
KINO,2019-01-11,17,0.015656363,0.047723062000000004,0.018572425706296167,0.018696139162512282,3.2066698,0.02178965641830645,0.0,0.0,-0.04924242424242431,-0.033582089552238736,-0.029739776951672736,-0.003623188405797117,-0.029739776951672736,-0.022140221402213944,-0.022140221402213944,0.04693140794223827,-0.025925925925925908,0.04693140794223827,,
WIIM,2019-01-11,17,0.015656363,0.047723062000000004,0.018572425706296167,0.018696139162512282,3.2066698,0.023072386053130556,0.0,0.011428571428571344,-0.054216867469879526,-0.029411764705882467,-0.023391812865497075,-0.005747126436781658,-0.04166666666666674,-0.023391812865497075,-0.029411764705882467,0.07428571428571429,-0.035502958579881616,-0.01744186046511631,,
ANDI,2019-01-11,21,0.32046852,0.34528288,0.021499423158004457,0.02377787721881542,2.4814367,0.11017042512213661,0.0,0.249357326478149,-0.01302083333333326,0.2339331619537275,0.2596401028277635,0.3881748071979434,0.1979434447300772,0.249357326478149,0.2596401028277635,0.30077120822622105,0.033419023136246784,0.12596401028277635,,
SOTS,2019-01-11,7,-0.04297601,-0.018952271,0.011961350572755831,0.012076365171139372,2.402374,0.016918958456239638,0.0,0.03030303030303028,-0.0060975609756097615,0.03030303030303028,0.0060606060606061,0.036363636363636376,-0.04430379746835445,-0.04430379746835445,-0.04430379746835445,-0.03125,-0.0927152317880795,-0.04430379746835445,,
ENRG,2019-01-11,7,-0.04297601,-0.018952271,0.011961350572755831,0.012076365171139372,2.402374,0.022053149245994053,0.0,0.05128205128205132,-0.02631578947368429,-0.01298701298701288,0.0,0.03846153846153855,-0.06849315068493156,-0.040000000000000036,-0.040000000000000036,0.0,-0.040000000000000036,-0.01298701298701288,,
SRIL,2019-01-11,11,-0.08104046,-0.07325928,0.015308749304670455,0.015985760623414894,0.7781178000000001,0.013658697837373654,0.0,0.005494505494505475,-0.07058823529411762,-0.06432748538011701,-0.05813953488372104,-0.04597701149425282,-0.1304347826086958,-0.0963855421686748,-0.08982035928143728,-0.05813953488372104,-0.08982035928143728,-0.06432748538011701,,
FREN,2019-01-11,11,-0.08104046,-0.07325928,0.015308749304670455,0.015985760623414894,0.7781178000000001,0.01717972682604451,0.0,0.030000000000000027,-0.07526881720430101,-0.05263157894736836,-0.04166666666666674,-0.030927835051546507,-0.13636363636363644,-0.1235955056179776,-0.08695652173913038,-0.04166666666666674,-0.1235955056179776,-0.05263157894736836,,
SKRN,2019-01-11,11,-0.08104046,-0.07325928,0.015308749304670455,0.015985760623414894,0.7781178000000001,0.028841280185145177,0.0,0.03773584905660377,-0.08163265306122458,-0.08163265306122458,-0.06854838709677424,-0.06854838709677424,-0.12288135593220327,-0.11344537815126055,-0.1181434599156117,0.018867924528301886,-0.12288135593220327,-0.06000000000000005,,
PTSN,2019-01-11,11,-0.08104046,-0.07325928,0.015308749304670455,0.015985760623414894,0.7781178000000001,0.04563309424576298,0.0,0.05841924398625431,-0.07777777777777772,-0.054347826086956534,-0.054347826086956534,-0.054347826086956534,-0.18292682926829265,-0.18292682926829265,-0.19262295081967215,-0.046762589928057485,-0.19262295081967215,-0.11494252873563204,,
BOSS,2019-01-11,0,-0.06437258,-0.06009115,0.005123202742752996,0.006622023273664557,0.4281428,0.012013290370771262,0.0,0.0,-0.004484304932735439,-0.004484304932735439,-0.009009009009008915,-0.009009009009008915,-0.04672897196261672,-0.041860465116279055,-0.041860465116279055,-0.041860465116279055,-0.061611374407583026,-0.061611374407583026,,
BUVA,2019-01-11,0,-0.06437258,-0.06009115,0.005123202742752996,0.006622023273664557,0.4281428,0.012121373251496103,0.0,0.010000000000000007,-0.04166666666666674,-0.020408163265306145,-0.020408163265306145,-0.020408163265306145,-0.06382978723404252,-0.04712041884816753,-0.04712041884816753,-0.0362694300518136,-0.05263157894736836,-0.04712041884816753,,
AALI,2019-01-11,16,0.008648311,0.0120519055,0.017784405018159432,0.01807623322263318,0.34035948,0.0034609739789315387,0.0,0.02024291497975716,-0.0020283975659229907,0.0,0.004048582995951343,0.0161943319838056,-0.0020283975659229907,0.006072874493927127,0.004048582995951343,0.014170040485830038,0.0,0.006072874493927127,,
BBRI,2019-01-11,16,0.008648311,0.0120519055,0.017784405018159432,0.01807623322263318,0.34035948,0.004108308628911209,0.0,0.008086253369272267,-0.005420054200542035,0.0026954177897573484,0.008086253369272267,0.010781671159029615,0.0,0.010781671159029615,0.013477088948786964,0.016172506738544534,-0.002702702702702675,0.005390835579514919,,
TGRA,2019-01-11,16,0.008648311,0.0120519055,0.017784405018159432,0.01807623322263318,0.34035948,0.0045483565589274294,0.0,0.006535947712418277,-0.006578947368421018,0.0,0.0,0.006535947712418277,-0.006578947368421018,0.0,0.0,0.013071895424836557,0.0,0.0,,
RIMO,2019-01-11,16,0.008648311,0.0120519055,0.017784405018159432,0.01807623322263318,0.34035948,0.004827918015933121,0.0,0.014705882352941124,0.0,0.0,0.007352941176470562,0.014705882352941124,-0.007407407407407306,0.0,0.0,0.007352941176470562,-0.007407407407407306,0.0,,
ZINC,2019-01-11,16,0.008648311,0.0120519055,0.017784405018159432,0.01807623322263318,0.34035948,0.004828457354589537,0.0,0.013114754098360716,0.0,0.006557377049180246,0.006557377049180246,0.009836065573770592,-0.0032894736842103978,0.003278688524590123,0.003278688524590123,0.013114754098360716,0.003278688524590123,0.009836065573770592,,
KRAS,2019-01-11,16,0.008648311,0.0120519055,0.017784405018159432,0.01807623322263318,0.34035948,0.0053528407527758575,0.0,0.0183486238532109,0.0,0.004587155963302836,0.013761467889908284,0.02293577981651373,-0.0092592592592593,0.0,0.0,0.0183486238532109,0.0,0.013761467889908284,,
TAMU,2019-01-11,16,0.008648311,0.0120519055,0.017784405018159432,0.01807623322263318,0.34035948,0.0053780143285796405,0.0,0.0023094688221709787,-0.006976744186046435,0.0,0.0,0.025404157043879882,-0.006976744186046435,0.004618937644341736,0.0069284064665127145,0.01616628175519641,0.0,0.009237875288683695,,
JPFA,2019-01-11,16,0.008648311,0.0120519055,0.017784405018159432,0.01807623322263318,0.34035948,0.005556772532984177,0.0,0.018099547511312156,-0.004545454545454629,0.009049773755656076,0.009049773755656076,0.018099547511312156,-0.009132420091324091,-0.004545454545454629,-0.004545454545454629,0.013574660633484116,-0.004545454545454629,0.004524886877828038,,
SSIA,2019-01-11,16,0.008648311,0.0120519055,0.017784405018159432,0.01807623322263318,0.34035948,0.005652289327763,0.0,0.016326530612244868,-0.004098360655737654,-0.004098360655737654,0.0040816326530612726,0.020408163265306145,0.0,0.0040816326530612726,0.0040816326530612726,0.030612244897959107,0.0040816326530612726,0.0040816326530612726,,
HKMU,2019-01-11,16,0.008648311,0.0120519055,0.017784405018159432,0.01807623322263318,0.34035948,0.005854057008241952,0.0,0.02857142857142847,0.0,0.011428571428571344,0.017142857142857126,0.017142857142857126,0.0,0.005714285714285783,0.0,0.02285714285714291,0.0,0.017142857142857126,,
LSIP,2019-01-11,16,0.008648311,0.0120519055,0.017784405018159432,0.01807623322263318,0.34035948,0.006066970717734816,0.0,0.029629629629629676,-0.0074626865671640905,0.007407407407407306,0.011111111111111072,0.025925925925925908,0.0,0.0,0.003703703703703765,0.022222222222222143,0.0,0.0,,
GIAA,2019-01-11,16,0.008648311,0.0120519055,0.017784405018159432,0.01807623322263318,0.34035948,0.006220539579303414,0.0,0.012578616352201257,-0.0063291139240506675,0.0,0.0,0.02515723270440251,-0.0063291139240506675,0.006289308176100628,0.012578616352201257,0.03144654088050314,0.006289308176100628,0.012578616352201257,,
BOGA,2019-01-11,16,0.008648311,0.0120519055,0.017784405018159432,0.01807623322263318,0.34035948,0.006437188457496494,0.0,0.0074626865671640905,-0.007518796992481258,0.0,0.0,0.0074626865671640905,-0.007518796992481258,0.0074626865671640905,0.0074626865671640905,0.02238805970149249,0.0074626865671640905,0.0149253731343284,,
MYOR,2019-01-11,16,0.008648311,0.0120519055,0.017784405018159432,0.01807623322263318,0.34035948,0.006644096425563943,0.0,0.015094339622641506,-0.00760456273764265,-0.00760456273764265,-0.003787878787878896,0.007547169811320753,-0.00760456273764265,0.0,0.0,0.02641509433962264,0.0,0.01132075471698113,,
EXCL,2019-01-11,16,0.008648311,0.0120519055,0.017784405018159432,0.01807623322263318,0.34035948,0.007256893996156941,0.0,0.027149321266968233,-0.004545454545454629,0.018099547511312156,0.018099547511312156,0.027149321266968233,0.0,0.018099547511312156,0.018099547511312156,0.02262443438914019,-0.004545454545454629,-0.004545454545454629,,
RISE,2019-01-11,16,0.008648311,0.0120519055,0.017784405018159432,0.01807623322263318,0.34035948,0.007260605914328548,0.0,0.0040322580645162365,-0.004048582995951343,0.0040322580645162365,0.0040322580645162365,0.0040322580645162365,0.0,0.0,0.0,0.01814516129032251,0.0,0.01814516129032251,,
CARS,2019-01-11,16,0.008648311,0.0120519055,0.017784405018159432,0.01807623322263318,0.34035948,0.0074898159560971185,0.0,0.022222222222222143,-0.0074626865671640905,0.0,-0.003717472118959009,0.022222222222222143,-0.018867924528301886,0.014814814814814838,0.014814814814814838,0.014814814814814838,-0.011235955056179804,0.0,,
APIC,2019-01-11,16,0.008648311,0.0120519055,0.017784405018159432,0.01807623322263318,0.34035948,0.007524470217753891,0.0,0.0,-0.01904761904761898,0.0,0.0,0.01869158878504673,0.0,0.009345794392523256,0.009345794392523256,0.01869158878504673,0.009345794392523256,0.009345794392523256,,
ROTI,2019-01-11,16,0.008648311,0.0120519055,0.017784405018159432,0.01807623322263318,0.34035948,0.008022210791169347,0.0,0.024999999999999908,0.0,0.01666666666666661,0.01666666666666661,0.03333333333333344,0.0,0.0,0.0,0.024999999999999908,-0.004184100418409997,0.0,,
FIRE,2019-01-11,16,0.008648311,0.0120519055,0.017784405018159432,0.01807623322263318,0.34035948,0.00859978429428317,0.0,0.0035842293906809264,0.0,0.0035842293906809264,0.0035842293906809264,0.010752688172043,0.0035842293906809264,0.010752688172043,0.010752688172043,0.025089605734766932,0.010752688172043,0.025089605734766932,,
MNCN,2019-01-11,16,0.008648311,0.0120519055,0.017784405018159432,0.01807623322263318,0.34035948,0.009262858861191563,0.0,0.013245033112582849,-0.02027027027027017,0.0,0.006622516556291425,0.0331125827814569,0.0,0.006622516556291425,0.02649006622516548,0.0331125827814569,-0.0066666666666665994,0.006622516556291425,,
ITMG,2019-01-11,16,0.008648311,0.0120519055,0.017784405018159432,0.01807623322263318,0.34035948,0.009314825669870552,0.0,0.0135135135135136,-0.004524886877828038,0.011261261261261256,0.011261261261261256,0.011261261261261256,-0.020689655172413838,-0.009090909090909037,0.003378378378378289,0.03153153153153143,-0.010238907849829282,0.014639639639639547,,
BJBR,2019-01-11,16,0.008648311,0.0120519055,0.017784405018159432,0.01807623322263318,0.34035948,0.009552053953752408,0.0,0.01923076923076916,-0.014634146341463428,0.01923076923076916,0.024038461538461453,0.033653846153846256,0.0,0.0,0.0,0.028846153846153744,0.0,0.024038461538461453,,
WSKT,2019-01-11,22,-0.023638872000000002,-0.020357545,0.020816332630693362,0.021157243481026364,0.3281327,0.0040407740538850314,0.0,0.014851485148514863,-0.012531328320801949,-0.00497512437810954,-0.00497512437810954,0.004950495049504955,-0.027989821882951738,-0.017632241813602127,-0.012531328320801949,-0.00497512437810954,-0.030612244897959107,-0.030612244897959107,,
WSBP,2019-01-11,22,-0.023638872000000002,-0.020357545,0.020816332630693362,0.021157243481026364,0.3281327,0.006505748328590482,0.0,0.01005025125628145,-0.01530612244897944,-0.01015228426395942,-0.005050505050504972,-0.005050505050504972,-0.025773195876288568,-0.01015228426395942,-0.005050505050504972,-0.005050505050504972,-0.03645833333333348,-0.031088082901554518,,
PTBA,2019-01-11,22,-0.023638872000000002,-0.020357545,0.020816332630693362,0.021157243481026364,0.3281327,0.006806745544537901,0.0,0.004545454545454629,-0.016166281755196188,-0.016166281755196188,-0.011494252873563315,-0.0068649885583524925,-0.03286384976525825,-0.02564102564102577,-0.02564102564102577,-0.01382488479262678,-0.028037383177569986,-0.016166281755196188,,
AGRO,2019-01-11,22,-0.023638872000000002,-0.020357545,0.020816332630693362,0.021157243481026364,0.3281327,0.00722134801236651,0.0,0.018292682926829285,0.0,0.0,0.0060975609756097615,0.0060975609756097615,-0.02500000000000013,-0.01863354037267073,-0.01863354037267073,-0.006134969325153339,-0.01863354037267073,-0.012345679012345734,,
ADHI,2019-01-11,22,-0.023638872000000002,-0.020357545,0.020816332630693362,0.021157243481026364,0.3281327,0.007398994429552949,0.0,0.0,-0.02890173410404628,-0.005649717514124353,-0.005649717514124353,-0.005649717514124353,-0.02593659942363113,-0.02005730659025784,-0.008498583569405138,-0.008498583569405138,-0.02890173410404628,-0.02890173410404628,,
JSKY,2019-01-11,22,-0.023638872000000002,-0.020357545,0.020816332630693362,0.021157243481026364,0.3281327,0.007995677345598286,0.0,0.0,-0.005464480874316946,-0.005464480874316946,-0.005464480874316946,-0.005464480874316946,-0.022222222222222143,-0.022222222222222143,-0.022222222222222143,-0.016574585635359185,-0.022222222222222143,-0.022222222222222143,,
NUSA,2019-01-11,22,-0.023638872000000002,-0.020357545,0.020816332630693362,0.021157243481026364,0.3281327,0.010888074517205642,0.0,0.03703703703703698,-0.018867924528301886,-0.009345794392523477,-0.009345794392523477,0.0,-0.03846153846153855,-0.018867924528301886,0.0,0.0,-0.02857142857142869,-0.018867924528301886,,
BUMI,2019-01-11,5,0.07107689,0.07322848,0.010980274366234971,0.012209093159988232,0.21515861,0.011959152135713667,0.0,0.06474820143884896,-0.007246376811594234,0.021582733812949728,0.02877697841726623,0.0935251798561152,0.021582733812949728,0.050359712230215736,0.07194244604316546,0.1007194244604317,0.05755395683453246,0.0935251798561152,,
DILD,2019-01-11,5,0.07107689,0.07322848,0.010980274366234971,0.012209093159988232,0.21515861,0.012792310425327589,0.0,0.06329113924050622,0.0,0.025316455696202445,0.025316455696202445,0.06962025316455689,0.012658227848101332,0.05063291139240511,0.05696202531645578,0.06962025316455689,0.04430379746835445,0.06329113924050622,,
TKIM,2019-01-11,5,0.07107689,0.07322848,0.010980274366234971,0.012209093159988232,0.21515861,0.014263504063703665,0.0,0.03539823008849563,-0.0022172949002217113,0.03539823008849563,0.039823008849557466,0.09734513274336276,0.03539823008849563,0.09734513274336276,0.0995575221238938,0.11504424778761058,0.07964601769911495,0.0995575221238938,,
TINS,2019-01-11,5,0.07107689,0.07322848,0.010980274366234971,0.012209093159988232,0.21515861,0.017024723790503543,0.0,0.07547169811320753,-0.0063291139240506675,0.07547169811320753,0.08176100628930816,0.11949685534591192,0.05660377358490565,0.07547169811320753,0.0943396226415094,0.10691823899371067,0.06289308176100628,0.0943396226415094,,
BBKP,2019-01-11,5,0.07107689,0.07322848,0.010980274366234971,0.012209093159988232,0.21515861,0.018203109439564356,0.0,0.033557046979865834,0.0,0.013422818791946291,0.020134228187919545,0.08724832214765099,0.0067114093959732566,0.0738255033557047,0.0738255033557047,0.12751677852348986,0.0738255033557047,0.10738255033557054,,
DMAS,2019-01-11,5,0.07107689,0.07322848,0.010980274366234971,0.012209093159988232,0.21515861,0.018744917214364665,0.0,0.041420118343195256,0.0,0.00591715976331364,0.00591715976331364,0.07100591715976322,0.00591715976331364,0.059171597633136175,0.06508875739644981,0.11834319526627213,0.059171597633136175,0.10650887573964507,,
CTRA,2019-01-11,1,0.030283507,0.03191843,0.006103399431063568,0.00726812661110015,0.16349219,0.003353756327025573,0.0,0.01923076923076916,-0.014634146341463428,0.0,0.004807692307692291,0.028846153846153744,-0.004830917874396157,0.014423076923076872,0.024038461538461453,0.033653846153846256,0.00961538461538458,0.01923076923076916,,
ANTM,2019-01-11,1,0.030283507,0.03191843,0.006103399431063568,0.00726812661110015,0.16349219,0.005003837654016155,0.0,0.025974025974025983,-0.006535947712418277,0.01298701298701288,0.01298701298701288,0.04545454545454541,0.006493506493506551,0.025974025974025983,0.032467532467532534,0.03896103896103886,0.01298701298701288,0.025974025974025983,,
MEDC,2019-01-11,1,0.030283507,0.03191843,0.006103399431063568,0.00726812661110015,0.16349219,0.0059103095400846505,0.0,0.018292682926829285,-0.01863354037267073,-0.006134969325153339,0.012195121951219523,0.030487804878048808,0.0060975609756097615,0.018292682926829285,0.030487804878048808,0.030487804878048808,0.0060975609756097615,0.018292682926829285,,
BMRI,2019-01-11,1,0.030283507,0.03191843,0.006103399431063568,0.00726812661110015,0.16349219,0.006461908540755556,0.0,0.010000000000000007,-0.0135135135135136,0.010000000000000007,0.01666666666666661,0.026666666666666616,0.0066666666666665994,0.026666666666666616,0.03333333333333344,0.040000000000000036,0.023333333333333428,0.026666666666666616,,
TDPM,2019-01-11,1,0.030283507,0.03191843,0.006103399431063568,0.00726812661110015,0.16349219,0.006694919288782475,0.0,0.014184397163120588,-0.007142857142857118,0.014184397163120588,0.014184397163120588,0.021276595744680767,0.007092198581560183,0.021276595744680767,0.021276595744680767,0.028368794326241176,0.0,0.021276595744680767,,
KREN,2019-01-11,1,0.030283507,0.03191843,0.006103399431063568,0.00726812661110015,0.16349219,0.0069126886376081826,0.0,0.016393442622950838,-0.01666666666666661,0.016393442622950838,0.024590163934426142,0.03278688524590168,0.0,0.03278688524590168,0.04098360655737698,0.04098360655737698,0.016393442622950838,0.03278688524590168,,
MARI,2019-01-11,1,0.030283507,0.03191843,0.006103399431063568,0.00726812661110015,0.16349219,0.007285423225771309,0.0,0.024193548387096756,0.0,0.024193548387096756,0.024193548387096756,0.032258064516129004,0.016129032258064502,0.032258064516129004,0.032258064516129004,0.032258064516129004,0.016129032258064502,0.032258064516129004,,
JSMR,2019-01-11,1,0.030283507,0.03191843,0.006103399431063568,0.00726812661110015,0.16349219,0.007831915695998285,0.0,0.03750000000000009,-0.004184100418409997,0.027083333333333348,0.029166666666666563,0.03125,0.006250000000000089,0.024999999999999908,0.024999999999999908,0.03541666666666665,0.01666666666666661,0.027083333333333348,,
MAMI,2019-01-11,1,0.030283507,0.03191843,0.006103399431063568,0.00726812661110015,0.16349219,0.007960726328277285,0.0,0.015748031496062964,-0.007936507936507908,0.015748031496062964,0.03149606299212593,0.03149606299212593,0.0,0.023622047244094446,0.015748031496062964,0.03149606299212593,0.0,0.023622047244094446,,
MASA,2019-01-11,1,0.030283507,0.03191843,0.006103399431063568,0.00726812661110015,0.16349219,0.008833253968538648,0.0,0.006944444444444421,-0.006993006993006867,0.0,0.013888888888888841,0.04166666666666674,0.013888888888888841,0.02083333333333326,0.04166666666666674,0.04166666666666674,0.013888888888888841,0.02083333333333326,,
SIMP,2019-01-11,1,0.030283507,0.03191843,0.006103399431063568,0.00726812661110015,0.16349219,0.009023279677311523,0.0,0.046218487394958034,0.0,0.03361344537815136,0.03361344537815136,0.04201680672268915,0.02521008403361336,0.02521008403361336,0.02941176470588225,0.05042016806722693,0.02941176470588225,0.037815126050420256,,
TARA,2019-01-11,1,0.030283507,0.03191843,0.006103399431063568,0.00726812661110015,0.16349219,0.00903277098893919,0.0,0.029239766081871288,-0.00588235294117645,0.023391812865497075,0.023391812865497075,0.04678362573099415,0.011695906432748648,0.011695906432748648,0.011695906432748648,0.040935672514619936,0.011695906432748648,0.035087719298245716,,
INDY,2019-01-11,1,0.030283507,0.03191843,0.006103399431063568,0.00726812661110015,0.16349219,0.00981431145783892,0.0,0.04123711340206193,-0.01305483028720622,0.010309278350515427,0.015463917525773141,0.04123711340206193,0.0077319587628865705,0.012886597938144284,0.025773195876288568,0.025773195876288568,0.005154639175257714,0.015463917525773141,,
UNTR,2019-01-11,1,0.030283507,0.03191843,0.006103399431063568,0.00726812661110015,0.16349219,0.010083164255297719,0.0,0.020795660036166286,0.0,0.016274864376130127,0.02169981916817365,0.025316455696202445,0.00723327305605781,0.020795660036166286,0.020795660036166286,0.02622061482820981,0.0009041591320071428,0.0054249547920433025,,
BKSL,2019-01-11,1,0.030283507,0.03191843,0.006103399431063568,0.00726812661110015,0.16349219,0.01619814105330169,0.0,0.06779661016949158,0.0,0.016949152542372836,0.025423728813559254,0.033898305084745665,-0.008547008547008517,0.008474576271186418,0.016949152542372836,0.033898305084745665,0.008474576271186418,0.016949152542372836,,
IKAI,2019-01-11,1,0.030283507,0.03191843,0.006103399431063568,0.00726812661110015,0.16349219,0.01756032872031917,0.0,0.05000000000000005,-0.010101010101010166,0.040000000000000036,0.010000000000000007,0.06000000000000005,0.010000000000000007,0.010000000000000007,0.010000000000000007,0.05000000000000005,-0.005025125628140614,0.020000000000000014,,
ISSP,2019-01-11,1,0.030283507,0.03191843,0.006103399431063568,0.00726812661110015,0.16349219,0.01839703743864336,0.0,0.04597701149425282,0.0,0.0,0.0,0.06896551724137923,0.0,0.0,0.011494252873563315,0.06896551724137923,0.011494252873563315,0.02298850574712641,,
SAME,2019-01-11,4,-0.004841898,-0.0055338414,0.009518359564558359,0.0101007305675943,-0.06919433,0.002493860955793723,0.0,0.008849557522123908,-0.008928571428571397,0.0,0.0,0.008849557522123908,-0.008928571428571397,0.0,0.0,0.008849557522123908,-0.018018018018018056,0.0,,
PTRO,2019-01-11,4,-0.004841898,-0.0055338414,0.009518359564558359,0.0101007305675943,-0.06919433,0.0037360408168331406,0.0,0.0078125,-0.013192612137203241,-0.010526315789473715,-0.010526315789473715,0.0078125,-0.010526315789473715,-0.007874015748031482,-0.007874015748031482,0.0,-0.015873015873015817,-0.010526315789473715,,
BBCA,2019-01-11,4,-0.004841898,-0.0055338414,0.009518359564558359,0.0101007305675943,-0.06919433,0.003840713918603183,0.0,0.0037735849056603774,-0.014354066985645897,-0.008563273073263655,0.0,0.0,-0.021194605009633882,-0.008563273073263655,-0.003787878787878896,0.0,-0.012416427889207382,-0.00952380952380949,,
WEGE,2019-01-11,4,-0.004841898,-0.0055338414,0.009518359564558359,0.0101007305675943,-0.06919433,0.004132675401360129,0.0,0.007692307692307666,-0.015625,0.0,0.007692307692307666,0.007692307692307666,-0.015625,-0.007751937984496138,-0.007751937984496138,0.0,-0.015625,-0.007751937984496138,,
ICBP,2019-01-11,4,-0.004841898,-0.0055338414,0.009518359564558359,0.0101007305675943,-0.06919433,0.004803633828812029,0.0,0.0,-0.009803921568627416,-0.004878048780487809,-0.004878048780487809,0.0,-0.022332506203474045,-0.014778325123152802,-0.0024330900243310087,0.0,-0.024875621890547258,-0.014778325123152802,,
ASMI,2019-01-11,4,-0.004841898,-0.0055338414,0.009518359564558359,0.0101007305675943,-0.06919433,0.004838947112396167,0.0,0.014492753623188468,-0.007299270072992803,0.0,0.0,0.007246376811594234,0.0,0.0,0.0,0.0,-0.007299270072992803,0.0,,
FORZ,2019-01-11,4,-0.004841898,-0.0055338414,0.009518359564558359,0.0101007305675943,-0.06919433,0.005041512825263175,0.0,0.011299435028248485,-0.011428571428571344,0.0,0.0,0.005649717514124353,-0.011428571428571344,-0.005681818181818121,-0.005681818181818121,-0.005681818181818121,-0.01724137931034475,-0.01724137931034475,,
SSMS,2019-01-11,4,-0.004841898,-0.0055338414,0.009518359564558359,0.0101007305675943,-0.06919433,0.00508360360697573,0.0,0.0,-0.016806722689075567,0.0,0.0,0.008264462809917328,-0.008333333333333305,-0.004149377593360981,0.0,0.008264462809917328,-0.008333333333333305,0.004132231404958775,,
BTPS,2019-01-11,4,-0.004841898,-0.0055338414,0.009518359564558359,0.0101007305675943,-0.06919433,0.00526537027434866,0.0,0.007692307692307666,-0.002570694087403513,0.002564102564102555,0.002564102564102555,0.002564102564102555,-0.010362694300518172,-0.007751937984496138,-0.007751937984496138,-0.002570694087403513,-0.010362694300518172,-0.005154639175257714,,
TOWR,2019-01-11,4,-0.004841898,-0.0055338414,0.009518359564558359,0.0101007305675943,-0.06919433,0.005527662756645423,0.0,0.007299270072992803,-0.02238805970149249,-0.007352941176470562,-0.007352941176470562,0.0,-0.014814814814814838,-0.014814814814814838,-0.014814814814814838,0.014598540145985384,-0.02238805970149249,-0.007352941176470562,,
HMSP,2019-01-11,4,-0.004841898,-0.0055338414,0.009518359564558359,0.0101007305675943,-0.06919433,0.005631922259158835,0.0,0.0,-0.01842105263157889,-0.015748031496062964,-0.010443864229765063,-0.0051948051948051965,-0.01842105263157889,-0.0051948051948051965,0.0,0.005167958656330685,-0.015748031496062964,-0.0051948051948051965,,
SMSM,2019-01-11,4,-0.004841898,-0.0055338414,0.009518359564558359,0.0101007305675943,-0.06919433,0.005806995511032444,0.0,0.007117437722419906,-0.018115942028985588,-0.010791366906474751,-0.010791366906474751,0.003558718861210064,-0.018115942028985588,-0.007168458781362075,-0.007168458781362075,0.01067615658362997,-0.007168458781362075,0.003558718861210064,,
TPIA,2019-01-11,4,-0.004841898,-0.0055338414,0.009518359564558359,0.0101007305675943,-0.06919433,0.005884990359983703,0.0,0.01298701298701288,-0.008733624454148492,-0.008733624454148492,-0.008733624454148492,0.004329004329004293,-0.02212389380530988,-0.013157894736842035,-0.013157894736842035,0.004329004329004293,-0.013157894736842035,0.004329004329004293,,
MYRX,2019-01-11,4,-0.004841898,-0.0055338414,0.009518359564558359,0.0101007305675943,-0.06919433,0.0059007218917681535,0.0,0.0,-0.018348623853211118,0.0,-0.018348623853211118,0.009009009009008915,-0.018348623853211118,-0.009090909090909037,0.0,0.0,-0.018348623853211118,0.0,,
BBNI,2019-01-11,4,-0.004841898,-0.0055338414,0.009518359564558359,0.0101007305675943,-0.06919433,0.00613694467685893,0.0,0.0,-0.014164305949008416,-0.011299435028248485,-0.0028011204481792613,-0.0028011204481792613,-0.017045454545454586,-0.011299435028248485,0.0,0.0027932960893855,-0.0056179775280900115,-0.0028011204481792613,,
WTON,2019-01-11,4,-0.004841898,-0.0055338414,0.009518359564558359,0.0101007305675943,-0.06919433,0.006572890565446424,0.0,0.009661835748792312,-0.01970443349753692,0.004830917874396157,0.0,0.004830917874396157,-0.02475247524752477,0.004830917874396157,0.004830917874396157,0.004830917874396157,-0.014705882352941124,-0.014705882352941124,,
DIVA,2019-01-11,4,-0.004841898,-0.0055338414,0.009518359564558359,0.0101007305675943,-0.06919433,0.006717366558943978,0.0,0.0,-0.013745704467353905,0.0,0.0,0.0,-0.02076124567474058,-0.0034013605442175803,-0.0034013605442175803,0.016949152542372836,-0.0034013605442175803,0.0,,
BRIS,2019-01-11,4,-0.004841898,-0.0055338414,0.009518359564558359,0.0101007305675943,-0.06919433,0.007080598536885724,0.0,0.009345794392523256,0.0,0.009345794392523256,0.009345794392523256,0.01869158878504673,-0.009433962264151052,-0.009433962264151052,0.0,0.0,-0.009433962264151052,-0.009433962264151052,,
BDMN,2019-01-11,4,-0.004841898,-0.0055338414,0.009518359564558359,0.0101007305675943,-0.06919433,0.007700744897483112,0.0,0.012084592145015005,-0.021604938271605038,-0.015337423312883347,-0.015337423312883347,-0.0030303030303029392,-0.015337423312883347,-0.0060790273556230465,-0.0030303030303029392,0.006042296072507503,-0.0030303030303029392,0.0,,
ASII,2019-01-11,4,-0.004841898,-0.0055338414,0.009518359564558359,0.0101007305675943,-0.06919433,0.010313943609155073,0.0,0.0060790273556230465,-0.009202453987730008,-0.0030487804878047697,-0.006116207951070375,-0.0030487804878047697,-0.03459119496855356,-0.0030487804878047697,0.00911854103343468,0.00911854103343468,0.0,0.00911854103343468,,
BMTR,2019-01-11,14,0.13081168,0.12831792,0.017112937164909532,0.017992208745665563,-0.2493754,0.019288499292743403,0.0,0.05000000000000005,0.0,0.05000000000000005,0.05714285714285716,0.15714285714285725,0.05714285714285716,0.15714285714285725,0.16428571428571434,0.19285714285714284,0.12857142857142856,0.12857142857142856,,
ASSA,2019-01-11,14,0.13081168,0.12831792,0.017112937164909532,0.017992208745665563,-0.2493754,0.020875089338801327,0.0,0.060301507537688474,0.0,0.04020100502512558,0.05527638190954765,0.1306532663316582,0.05025125628140703,0.1306532663316582,0.1809045226130652,0.1809045226130652,0.12562814070351758,0.14572864321608048,,
BEST,2019-01-11,14,0.13081168,0.12831792,0.017112937164909532,0.017992208745665563,-0.2493754,0.021931683594631286,0.0,0.09615384615384626,0.0,0.05769230769230771,0.07692307692307687,0.125,0.06730769230769229,0.09615384615384626,0.10576923076923084,0.13461538461538458,0.08653846153846145,0.125,,
TBIG,2019-01-11,14,0.13081168,0.12831792,0.017112937164909532,0.017992208745665563,-0.2493754,0.02359650712201573,0.0,0.10256410256410264,-0.005154639175257714,0.10000000000000007,0.10256410256410264,0.15384615384615374,0.007692307692307666,0.15384615384615374,0.15897435897435908,0.15897435897435908,0.10256410256410264,0.15384615384615374,,
SMRA,2019-01-11,14,0.13081168,0.12831792,0.017112937164909532,0.017992208745665563,-0.2493754,0.03397624930125345,0.0,0.02906976744186052,0.0,0.023255813953488413,0.005813953488372103,0.12790697674418605,0.005813953488372103,0.10465116279069764,0.10465116279069764,0.2034883720930232,0.09302325581395343,0.18604651162790709,,
IMAS,2019-01-11,14,0.13081168,0.12831792,0.017112937164909532,0.017992208745665563,-0.2493754,0.0355923542598956,0.0,0.05188679245283012,0.0,0.05188679245283012,0.05188679245283012,0.15094339622641506,0.05188679245283012,0.1367924528301887,0.14622641509433953,0.2452830188679245,0.14622641509433953,0.2264150943396226,,
PNBN,2019-01-11,2,0.07647706,0.06833878,0.007706310842295502,0.00821513307825703,-0.81382763,0.013077100124758113,0.0,0.02358490566037741,0.0,0.018867924528301886,0.018867924528301886,0.03773584905660377,0.004716981132075526,0.02358490566037741,0.02358490566037741,0.10849056603773576,0.02358490566037741,0.09905660377358494,,
JTPE,2019-01-11,2,0.07647706,0.06833878,0.007706310842295502,0.00821513307825703,-0.81382763,0.01343059359555733,0.0,0.00952380952380949,-0.00961538461538458,-0.00961538461538458,-0.00961538461538458,0.02857142857142847,-0.00961538461538458,0.01904761904761898,0.01904761904761898,0.11428571428571432,0.0,0.07619047619047614,,
BNLI,2019-01-11,2,0.07647706,0.06833878,0.007706310842295502,0.00821513307825703,-0.81382763,0.015287183764702714,0.0,0.016528925619834656,-0.016806722689075567,-0.016806722689075567,-0.016806722689075567,0.024793388429751984,-0.016806722689075567,0.016528925619834656,0.016528925619834656,0.11570247933884305,0.016528925619834656,0.09090909090909084,,
TRAM,2019-01-11,2,0.07647706,0.06833878,0.007706310842295502,0.00821513307825703,-0.81382763,0.027788389501844122,0.0,0.0235294117647058,-0.03658536585365857,-0.017964071856287456,-0.017964071856287456,0.0,-0.024096385542168752,-0.017964071856287456,-0.017964071856287456,0.11764705882352945,-0.017964071856287456,0.111764705882353,,
KBLI,2019-01-11,10,-0.023657816,-0.033206794,0.014202260107819826,0.014465902618521756,-0.9548979,0.0036726983383745045,0.0,0.005747126436781658,-0.04819277108433751,-0.029585798816567976,-0.029585798816567976,-0.005780346820809301,-0.05454545454545445,-0.029585798816567976,-0.0235294117647058,-0.011627906976744208,-0.041916167664670656,-0.0235294117647058,,
ADRO,2019-01-11,10,-0.023657816,-0.033206794,0.014202260107819826,0.014465902618521756,-0.9548979,0.00663417861495275,0.0,0.0070175438596491455,-0.032608695652173836,-0.021505376344086,-0.021505376344086,-0.007067137809187329,-0.04014598540145986,-0.014234875444839812,-0.014234875444839812,-0.0035211267605634866,-0.021505376344086,-0.014234875444839812,,
WIKA,2019-01-11,10,-0.023657816,-0.033206794,0.014202260107819826,0.014465902618521756,-0.9548979,0.007341026161408793,0.0,0.0,-0.03846153846153855,-0.018867924528301886,-0.013404825737265423,-0.0026525198938991412,-0.03561643835616435,-0.016129032258064502,-0.008000000000000007,-0.0026525198938991412,-0.027173913043478267,-0.016129032258064502,,
SMCB,2019-01-11,10,-0.023657816,-0.033206794,0.014202260107819826,0.014465902618521756,-0.9548979,0.00782976834157473,0.0,0.005249343832020914,-0.02695417789757415,-0.021447721179624683,-0.021447721179624683,-0.018716577540107027,-0.03532608695652173,-0.02972972972972965,-0.02695417789757415,0.0,-0.02695417789757415,-0.018716577540107027,,
BBTN,2019-01-11,10,-0.023657816,-0.033206794,0.014202260107819826,0.014465902618521756,-0.9548979,0.008792389591635853,0.0,0.0,-0.029850746268656806,-0.029850746268656806,-0.029850746268656806,-0.01845018450184499,-0.041509433962264135,-0.029850746268656806,-0.01845018450184499,-0.00363636363636366,-0.026022304832713727,-0.01098901098901095,,
AKRA,2019-01-11,10,-0.023657816,-0.033206794,0.014202260107819826,0.014465902618521756,-0.9548979,0.009035750299295096,0.0,0.0,-0.02857142857142869,-0.02857142857142869,-0.02857142857142869,-0.02183406113537112,-0.040000000000000036,-0.0331125827814569,-0.0331125827814569,-0.024070021881838155,-0.040000000000000036,-0.040000000000000036,,
LPKR,2019-01-11,10,-0.023657816,-0.033206794,0.014202260107819826,0.014465902618521756,-0.9548979,0.009921965100454422,0.0,0.007407407407407306,-0.015037593984962516,-0.015037593984962516,-0.015037593984962516,0.0,-0.046511627906976605,-0.03846153846153855,-0.03053435114503822,-0.015037593984962516,-0.03053435114503822,-0.02272727272727271,,
FASW,2019-01-11,10,-0.023657816,-0.033206794,0.014202260107819826,0.014465902618521756,-0.9548979,0.011118228204946828,0.0,0.0,-0.053691275167785164,-0.046666666666666634,-0.016181229773462702,-0.006410256410256388,-0.053691275167785164,-0.039735099337748325,-0.012903225806451646,0.0,-0.046666666666666634,-0.03630363036303619,,
PTPP,2019-01-11,10,-0.023657816,-0.033206794,0.014202260107819826,0.014465902618521756,-0.9548979,0.013352719631613863,0.0,0.0,-0.02739726027397249,-0.02739726027397249,-0.02272727272727271,0.004444444444444473,-0.051401869158878455,-0.0135135135135136,-0.0044642857142858094,0.0,-0.051401869158878455,-0.051401869158878455,,
HOKI,2019-01-11,10,-0.023657816,-0.033206794,0.014202260107819826,0.014465902618521756,-0.9548979,0.014473714383839991,0.0,0.013333333333333421,-0.020408163265306145,-0.0135135135135136,-0.0067114093959732566,-0.0067114093959732566,-0.048951048951048966,-0.048951048951048966,-0.048951048951048966,0.0,-0.05633802816901401,-0.0135135135135136,,
ERAA,2019-01-11,10,-0.023657816,-0.033206794,0.014202260107819826,0.014465902618521756,-0.9548979,0.015041218829594997,0.0,0.008097165991902909,-0.04219409282700437,-0.0334728033472802,-0.02916666666666678,-0.012295081967213184,-0.051063829787234116,-0.02916666666666678,-0.02916666666666678,0.02429149797570851,-0.02916666666666678,0.012145748987854256,,
BWPT,2019-01-11,9,0.023849105,0.014074037,0.013503461379962356,0.014160426376571769,-0.9775069,0.007294133871954007,0.0,0.0685714285714285,0.0,0.05714285714285716,0.05714285714285716,0.08571428571428563,0.03428571428571425,0.03428571428571425,0.04571428571428582,0.05714285714285716,0.02857142857142847,0.040000000000000036,,
LINK,2019-01-11,9,0.023849105,0.014074037,0.013503461379962356,0.014160426376571769,-0.9775069,0.008994443517406251,0.0,0.04288939051918739,-0.01839080459770104,0.036117381489841886,0.04288939051918739,0.06320541760722342,0.013544018058690764,0.015801354401805856,0.018058690744920947,0.05643340857787815,0.004514672686230181,0.004514672686230181,,
DOID,2019-01-11,9,0.023849105,0.014074037,0.013503461379962356,0.014160426376571769,-0.9775069,0.011155810067976037,0.0,0.05454545454545445,-0.00917431192660545,0.036363636363636376,0.05454545454545445,0.06363636363636371,0.027272727272727337,0.027272727272727337,0.027272727272727337,0.06363636363636371,0.01818181818181808,0.04545454545454541,,
BHIT,2019-01-11,9,0.023849105,0.014074037,0.013503461379962356,0.014160426376571769,-0.9775069,0.011349848487338254,0.0,0.08064516129032251,-0.016393442622950838,0.04838709677419351,0.04838709677419351,0.11290322580645153,0.032258064516129004,0.04838709677419351,0.04838709677419351,0.06451612903225801,0.016129032258064502,0.032258064516129004,,
ACES,2019-01-11,9,0.023849105,0.014074037,0.013503461379962356,0.014160426376571769,-0.9775069,0.015827546542627222,0.0,0.03939393939393932,0.0,0.03030303030303028,0.03030303030303028,0.06666666666666665,0.027272727272727337,0.05757575757575761,0.05757575757575761,0.06060606060606055,0.01818181818181808,0.024242424242424176,,
DEAL,2019-01-11,9,0.023849105,0.014074037,0.013503461379962356,0.014160426376571769,-0.9775069,0.01917536964648253,0.0,0.07086614173228356,-0.007936507936507908,0.055118110236220375,0.055118110236220375,0.10236220472440948,0.007874015748031482,0.03149606299212593,0.03149606299212593,0.094488188976378,-0.007936507936507908,0.06299212598425208,,
MGRO,2019-01-11,9,0.023849105,0.014074037,0.013503461379962356,0.014160426376571769,-0.9775069,0.02163349322378477,0.0,0.05649717514124286,-0.023121387283236983,0.05649717514124286,0.062146892655367214,0.1073446327683616,0.05649717514124286,0.07909604519774005,0.07909604519774005,0.0847457627118644,-0.005681818181818121,0.033898305084745665,,
BGTG,2019-01-11,6,0.06988404,0.053025499999999996,0.011155513927037338,0.01174413049926978,-1.6858541,0.03858044180748813,0.0,0.2588235294117647,0.0,0.10588235294117654,0.10588235294117654,0.14117647058823524,0.03529411764705892,0.04705882352941182,0.07058823529411762,0.09411764705882364,0.04705882352941182,0.058823529411764726,,
ISAT,2019-01-11,6,0.06988404,0.053025499999999996,0.011155513927037338,0.01174413049926978,-1.6858541,0.04450285000643119,0.0,0.22282608695652173,-0.002724795640326905,0.22282608695652173,0.14130434782608692,0.14130434782608692,0.027173913043478267,0.057065217391304435,0.0597826086956521,0.09239130434782616,0.057065217391304435,0.07336956521739135,,
PGAS,2019-01-11,18,0.008928272,-0.011489791999999999,0.01876034497427594,0.01884640649264216,-2.0418062,0.006522128796297615,0.0,0.0,-0.022321428571428603,-0.013274336283185972,-0.0043859649122806035,0.017467248908296984,-0.017777777777777892,0.0,0.008733624454148492,0.017467248908296984,-0.0043859649122806035,0.004366812227074135,,
INDF,2019-01-11,18,0.008928272,-0.011489791999999999,0.01876034497427594,0.01884640649264216,-2.0418062,0.009045759326097056,0.0,0.0033898305084745233,-0.013745704467353905,-0.0068259385665530034,-0.013745704467353905,0.01016949152542379,-0.02430555555555558,0.01016949152542379,0.013559322033898313,0.016949152542372836,0.0,0.013559322033898313,,
KLBF,2019-01-11,18,0.008928272,-0.011489791999999999,0.01876034497427594,0.01884640649264216,-2.0418062,0.010039723966262137,0.0,0.003154574132492094,-0.029220779220779262,-0.029220779220779262,-0.022580645161290214,0.009463722397476282,-0.025889967637540368,0.009463722397476282,0.01577287066246047,0.028391167192429068,-0.01602564102564097,0.02208201892744488,,
UNVR,2019-01-11,18,0.008928272,-0.011489791999999999,0.01876034497427594,0.01884640649264216,-2.0418062,0.011341784629467286,0.0,0.013192612137203241,-0.029891304347825942,-0.029891304347825942,-0.02101293103448265,0.020052770448548918,-0.02377093462992974,0.020052770448548918,0.019525065963060584,0.02269129287598948,-0.0037076271186440297,0.02269129287598948,,
SMGR,2019-01-11,15,0.028900644,0.0076539246,0.017226861821003928,0.01757831041431194,-2.1246720000000003,0.009579458034102093,0.0,0.01777777777777767,-0.018099547511312156,-0.0044642857142858094,0.004444444444444473,0.06000000000000005,0.0022222222222221255,0.06000000000000005,0.044444444444444516,0.05333333333333323,0.022222222222222143,0.028888888888888964,,
MTDL,2019-01-11,15,0.028900644,0.0076539246,0.017226861821003928,0.01757831041431194,-2.1246720000000003,0.010327440265898661,0.0,0.006289308176100628,-0.01923076923076916,0.006289308176100628,0.012578616352201257,0.0691823899371069,0.012578616352201257,0.02515723270440251,0.03144654088050314,0.05660377358490565,0.02515723270440251,0.03773584905660377,,
BSDE,2019-01-11,15,0.028900644,0.0076539246,0.017226861821003928,0.01757831041431194,-2.1246720000000003,0.010577669676909675,0.0,0.007142857142857118,-0.021897810218978183,0.007142857142857118,0.014285714285714237,0.042857142857142934,-0.010830324909747224,0.042857142857142934,0.042857142857142934,0.05714285714285716,0.014285714285714237,0.05714285714285716,,
GJTL,2019-01-11,15,0.028900644,0.0076539246,0.017226861821003928,0.01757831041431194,-2.1246720000000003,0.010925883072665794,0.0,0.051851851851851816,-0.0074626865671640905,0.0,0.014814814814814838,0.07407407407407418,0.007407407407407306,0.044444444444444516,0.051851851851851816,0.06666666666666665,0.022222222222222143,0.051851851851851816,,
MIKA,2019-01-11,15,0.028900644,0.0076539246,0.017226861821003928,0.01757831041431194,-2.1246720000000003,0.011402419230110676,0.0,0.02710843373493965,0.0,0.009036144578313143,0.012048192771084263,0.04819277108433728,0.009036144578313143,0.03614457831325302,0.03614457831325302,0.06024096385542178,0.03614457831325302,0.03614457831325302,,
INCO,2019-01-11,15,0.028900644,0.0076539246,0.017226861821003928,0.01757831041431194,-2.1246720000000003,0.012299578311959138,0.0,0.009090909090909037,-0.015384615384615332,-0.00917431192660545,-0.00917431192660545,0.048484848484848575,-0.00917431192660545,0.04242424242424248,0.05151515151515152,0.05757575757575761,0.02121212121212124,0.04242424242424248,,
SCMA,2019-01-11,15,0.028900644,0.0076539246,0.017226861821003928,0.01757831041431194,-2.1246720000000003,0.012644786161273288,0.0,0.008086253369272267,-0.01089918256130784,-0.005420054200542035,0.0026954177897573484,0.05121293800539073,-0.002702702702702675,0.05121293800539073,0.04043126684636112,0.05660377358490565,0.03773584905660377,0.05121293800539073,,
ASRI,2019-01-11,15,0.028900644,0.0076539246,0.017226861821003928,0.01757831041431194,-2.1246720000000003,0.013007088752427154,0.0,0.03614457831325302,0.0,0.030120481927710774,0.04216867469879526,0.054216867469879526,0.030120481927710774,0.04216867469879526,0.04216867469879526,0.06024096385542178,0.03614457831325302,0.04819277108433728,,
RALS,2019-01-11,15,0.028900644,0.0076539246,0.017226861821003928,0.01757831041431194,-2.1246720000000003,0.014097524550993366,0.0,0.009933774834437026,-0.01683501683501687,-0.0033222591362125358,-0.0033222591362125358,0.0629139072847682,-0.0033222591362125358,0.056291390728476776,0.056291390728476776,0.06953642384105962,0.006622516556291425,0.006622516556291425,,
LPPF,2019-01-11,15,0.028900644,0.0076539246,0.017226861821003928,0.01757831041431194,-2.1246720000000003,0.023039500522499593,0.0,0.0043103448275863,-0.022026431718061627,-0.008695652173912993,-0.031111111111111086,0.07758620689655182,-0.031111111111111086,0.06034482758620685,0.06034482758620685,0.0818965517241379,0.034482758620689724,0.034482758620689724,,
GZCO,2019-01-11,15,0.028900644,0.0076539246,0.017226861821003928,0.01757831041431194,-2.1246720000000003,0.023679877510848834,0.0,0.06000000000000005,0.0,0.0,0.0,0.08000000000000007,0.0,0.06000000000000005,0.08000000000000007,0.08000000000000007,0.0,0.0,,
GMFI,2019-01-11,15,0.028900644,0.0076539246,0.017226861821003928,0.01757831041431194,-2.1246720000000003,0.02429763166882333,0.0,0.008695652173912993,-0.02678571428571419,-0.02678571428571419,-0.017699115044247815,0.07826086956521737,-0.017699115044247815,0.0608695652173914,0.08695652173913038,0.08695652173913038,0.034782608695652195,0.04347826086956519,,
BJTM,2019-01-11,3,-0.019984276999999998,-0.05024804,0.00859275377597335,0.009753686474173776,-3.0263765,0.00625716532006065,0.0,0.027972027972027916,-0.014184397163120588,0.006993006993007089,0.006993006993007089,0.013986013986013957,-0.014184397163120588,-0.007042253521126751,0.0,0.006993006993007089,-0.014184397163120588,-0.007042253521126751,,
TBLA,2019-01-11,3,-0.019984276999999998,-0.05024804,0.00859275377597335,0.009753686474173776,-3.0263765,0.00636698451191092,0.0,0.033519553072625774,-0.0056179775280900115,0.005586592178770999,0.011173184357542,0.022346368715083772,-0.011299435028248485,0.0,0.0,0.016759776536312776,-0.0056179775280900115,0.0,,
HRUM,2019-01-11,3,-0.019984276999999998,-0.05024804,0.00859275377597335,0.009753686474173776,-3.0263765,0.008602995084324614,0.0,0.03488372093023262,-0.02994011976047917,0.005813953488372103,0.011627906976744208,0.01744186046511631,-0.020771513353115667,-0.008797653958944274,-0.008797653958944274,0.0,-0.02994011976047917,-0.023809523809523947,,
MAIN,2019-01-11,12,-0.052289907000000004,-0.08500781,0.01593855514574165,0.01724954400432363,-3.2717902999999997,0.010815301390127721,0.0,0.030716723549488067,-0.046428571428571486,-0.01736111111111116,-0.01736111111111116,-0.0034246575342467,-0.03900709219858167,-0.035335689045936425,-0.035335689045936425,-0.020905923344947785,-0.07720588235294112,-0.046428571428571486,,
VIVA,2019-01-11,12,-0.052289907000000004,-0.08500781,0.01593855514574165,0.01724954400432363,-3.2717902999999997,0.021699134957920523,0.0,0.04081632653061229,-0.006849315068493178,0.006802721088435382,0.006802721088435382,0.020408163265306145,-0.07299270072992692,-0.05000000000000005,-0.05000000000000005,-0.013793103448275891,-0.06521739130434767,-0.027972027972027916,,
KPAS,2019-01-11,8,-0.23804161,-0.27108926,0.016224216268853762,0.019481555929829367,-3.3047647000000007,0.039309093377484595,0.0,0.03205128205128216,-0.061224489795918435,-0.040000000000000036,-0.0331125827814569,-0.019607843137255054,-0.2682926829268293,-0.2093023255813955,-0.2093023255813955,-0.16417910447761194,-0.28925619834710736,-0.19083969465648853,,
